IMG,IMG NATURAL WIDTH,IMG NATURAL HEIGHT,IMG OFFSET WIDTH,IMG OFFSET HEIGHT,WIDTH DIFF,HEIGHT DIFF,CONTEXT,IMG SRC,PAGE WIDTH,PAGE URL
"=IMAGE(""https://editorial.fxstreet.com/authors/Slobodan%20Drvenica_75x75_Nano.png"")",35,35,35,35,0,0, ,https://editorial.fxstreet.com/authors/Slobodan%20Drvenica_75x75_Nano.png,360,https://www.fxstreet.com/
.fxstreet.com/
opean-union-currency-5219766_Small.jpg,360,https://www.fxstreet.com/
Small.jpg,360,https://www.fxstreet.com/
g,360,https://www.fxstreet.com/
"=IMAGE(""https://editorial.fxstreet.com/images/Resources/FMM-LogoCompleto.jpg"")",3001,1001,328,109,2673,892, ,https://editorial.fxstreet.com/images/Resources/FMM-LogoCompleto.jpg,360,https://www.fxstreet.com/info/advertising-and-sponsorship/
"=IMAGE(""https://web.archive.org/web/20220401025236im_/https://editorial.fxstreet.com/landingpages/About/broker-listing-page.jpg"")",600,448,328,245,272,203, ,https://web.archive.org/web/20220401025236im_/https://editorial.fxstreet.com/landingpages/About/broker-listing-page.jpg,360,https://www.fxstreet.com/info/advertising-and-sponsorship/
"=IMAGE(""https://web.archive.org/web/20220401025236im_/https://editorial.fxstreet.com/landingpages/About/broker-profile.jpg"")",600,448,328,245,272,203, ,https://web.archive.org/web/20220401025236im_/https://editorial.fxstreet.com/landingpages/About/broker-profile.jpg,360,https://www.fxstreet.com/info/advertising-and-sponsorship/
"=IMAGE(""https://web.archive.org/web/20220401025236im_/https://editorial.fxstreet.com/landingpages/About/home-advertising-2.jpg"")",980,512,328,171,652,341, ,https://web.archive.org/web/20220401025236im_/https://editorial.fxstreet.com/landingpages/About/home-advertising-2.jpg,360,https://www.fxstreet.com/info/advertising-and-sponsorship/
"=IMAGE(""https://web.archive.org/web/20220401025236im_/https://editorial.fxstreet.com/landingpages/About/home-advertising-2.jpg"")",980,512,328,171,652,341, ,https://web.archive.org/web/20220401025236im_/https://editorial.fxstreet.com/landingpages/About/home-advertising-2.jpg,360,https://www.fxstreet.com/info/advertising-and-sponsorship/
"=IMAGE(""https://web.archive.org/web/20220401025236im_/https://editorial.fxstreet.com/landingpages/About/languages-advertising.jpg"")",1000,338,328,110,672,228, ,https://web.archive.org/web/20220401025236im_/https://editorial.fxstreet.com/landingpages/About/languages-advertising.jpg,360,https://www.fxstreet.com/info/advertising-and-sponsorship/
"=IMAGE(""https://web.archive.org/web/20220401025236im_/https://editorial.fxstreet.com/landingpages/About/languages-advertising-1.jpg"")",650,295,328,149,322,146, ,https://web.archive.org/web/20220401025236im_/https://editorial.fxstreet.com/landingpages/About/languages-advertising-1.jpg,360,https://www.fxstreet.com/info/advertising-and-sponsorship/
"=IMAGE(""https://web.archive.org/web/20220401025236im_/https://editorial.fxstreet.com/landingpages/About/broker-listing-page-1.jpg"")",650,295,328,149,322,146, ,https://web.archive.org/web/20220401025236im_/https://editorial.fxstreet.com/landingpages/About/broker-listing-page-1.jpg,360,https://www.fxstreet.com/info/advertising-and-sponsorship/
"=IMAGE(""https://web.archive.org/web/20220401025236im_/https://editorial.fxstreet.com/landingpages/About/cryptocurrencies-countries.jpg"")",608,457,328,247,280,210, ,https://web.archive.org/web/20220401025236im_/https://editorial.fxstreet.com/landingpages/About/cryptocurrencies-countries.jpg,360,https://www.fxstreet.com/info/advertising-and-sponsorship/
"=IMAGE(""https://web.archive.org/web/20220401025236im_/https://editorial.fxstreet.com/landingpages/About/cryptocurrencies-advertising.jpg"")",1000,511,328,168,672,343, ,https://web.archive.org/web/20220401025236im_/https://editorial.fxstreet.com/landingpages/About/cryptocurrencies-advertising.jpg,360,https://www.fxstreet.com/info/advertising-and-sponsorship/
"=IMAGE(""https://web.archive.org/web/20220401025236im_/https://editorial.fxstreet.com/landingpages/About/fxs_logo_social_blueback_screen.png"")",800,746,300,280,500,466, ,https://web.archive.org/web/20220401025236im_/https://editorial.fxstreet.com/landingpages/About/fxs_logo_social_blueback_screen.png,360,https://www.fxstreet.com/info/advertising-and-sponsorship/
"=IMAGE(""https://web.archive.org/web/20220401025236im_/https://editorial.fxstreet.com/landingpages/About/email-advertising.jpg"")",299,280,299,280,0,0, ,https://web.archive.org/web/20220401025236im_/https://editorial.fxstreet.com/landingpages/About/email-advertising.jpg,360,https://www.fxstreet.com/info/advertising-and-sponsorship/
"=IMAGE(""https://web.archive.org/web/20220401025236im_/https://editorial.fxstreet.com/landingpages/About/facebook-twitter.png"")",1072,540,296,149,776,391, ,https://web.archive.org/web/20220401025236im_/https://editorial.fxstreet.com/landingpages/About/facebook-twitter.png,360,https://www.fxstreet.com/info/advertising-and-sponsorship/
"=IMAGE(""https://web.archive.org/web/20220401025236im_/https://editorial.fxstreet.com/landingpages/About/retargeting.png"")",708,732,164,170,544,562, ,https://web.archive.org/web/20220401025236im_/https://editorial.fxstreet.com/landingpages/About/retargeting.png,360,https://www.fxstreet.com/info/advertising-and-sponsorship/
"=IMAGE(""https://web.archive.org/web/20220401025236im_/https://editorial.fxstreet.com/landingpages/About/logo-tradingview.jpg"")",317,161,300,152,17,9, ,https://web.archive.org/web/20220401025236im_/https://editorial.fxstreet.com/landingpages/About/logo-tradingview.jpg,360,https://www.fxstreet.com/info/advertising-and-sponsorship/
"=IMAGE(""https://web.archive.org/web/20220401025236im_/https://editorial.fxstreet.com/landingpages/About/mediakit-tradingview.jpg"")",1070,368,328,113,742,255, ,https://web.archive.org/web/20220401025236im_/https://editorial.fxstreet.com/landingpages/About/mediakit-tradingview.jpg,360,https://www.fxstreet.com/info/advertising-and-sponsorship/
"=IMAGE(""https://web.archive.org/web/20220401025236im_/https://editorial.fxstreet.com/landingpages/About/tradingview-1.jpg"")",504,326,328,212,176,114, ,https://web.archive.org/web/20220401025236im_/https://editorial.fxstreet.com/landingpages/About/tradingview-1.jpg,360,https://www.fxstreet.com/info/advertising-and-sponsorship/
"=IMAGE(""https://web.archive.org/web/20220401025236im_/https://editorial.fxstreet.com/landingpages/About/broker-listing-page.jpg"")",600,448,328,245,272,203, ,https://web.archive.org/web/20220401025236im_/https://editorial.fxstreet.com/landingpages/About/broker-listing-page.jpg,360,https://www.fxstreet.com/info/advertising-and-sponsorship
"=IMAGE(""https://editorial.fxstreet.com/images/Resources/FMM-LogoCompleto.jpg"")",3001,1001,328,109,2673,892, ,https://editorial.fxstreet.com/images/Resources/FMM-LogoCompleto.jpg,360,https://www.fxstreet.com/info/advertising-and-sponsorship
"=IMAGE(""https://web.archive.org/web/20220401025236im_/https://editorial.fxstreet.com/landingpages/About/broker-profile.jpg"")",600,448,328,245,272,203, ,https://web.archive.org/web/20220401025236im_/https://editorial.fxstreet.com/landingpages/About/broker-profile.jpg,360,https://www.fxstreet.com/info/advertising-and-sponsorship
"=IMAGE(""https://web.archive.org/web/20220401025236im_/https://editorial.fxstreet.com/landingpages/About/home-advertising-2.jpg"")",980,512,328,171,652,341, ,https://web.archive.org/web/20220401025236im_/https://editorial.fxstreet.com/landingpages/About/home-advertising-2.jpg,360,https://www.fxstreet.com/info/advertising-and-sponsorship
"=IMAGE(""https://web.archive.org/web/20220401025236im_/https://editorial.fxstreet.com/landingpages/About/home-advertising-2.jpg"")",980,512,328,171,652,341, ,https://web.archive.org/web/20220401025236im_/https://editorial.fxstreet.com/landingpages/About/home-advertising-2.jpg,360,https://www.fxstreet.com/info/advertising-and-sponsorship
"=IMAGE(""https://web.archive.org/web/20220401025236im_/https://editorial.fxstreet.com/landingpages/About/languages-advertising.jpg"")",1000,338,328,110,672,228, ,https://web.archive.org/web/20220401025236im_/https://editorial.fxstreet.com/landingpages/About/languages-advertising.jpg,360,https://www.fxstreet.com/info/advertising-and-sponsorship
"=IMAGE(""https://web.archive.org/web/20220401025236im_/https://editorial.fxstreet.com/landingpages/About/broker-listing-page-1.jpg"")",650,295,328,149,322,146, ,https://web.archive.org/web/20220401025236im_/https://editorial.fxstreet.com/landingpages/About/broker-listing-page-1.jpg,360,https://www.fxstreet.com/info/advertising-and-sponsorship
"=IMAGE(""https://web.archive.org/web/20220401025236im_/https://editorial.fxstreet.com/landingpages/About/cryptocurrencies-countries.jpg"")",608,457,328,247,280,210, ,https://web.archive.org/web/20220401025236im_/https://editorial.fxstreet.com/landingpages/About/cryptocurrencies-countries.jpg,360,https://www.fxstreet.com/info/advertising-and-sponsorship
"=IMAGE(""https://web.archive.org/web/20220401025236im_/https://editorial.fxstreet.com/landingpages/About/fxs_logo_social_blueback_screen.png"")",800,746,300,280,500,466, ,https://web.archive.org/web/20220401025236im_/https://editorial.fxstreet.com/landingpages/About/fxs_logo_social_blueback_screen.png,360,https://www.fxstreet.com/info/advertising-and-sponsorship
"=IMAGE(""https://web.archive.org/web/20220401025236im_/https://editorial.fxstreet.com/landingpages/About/cryptocurrencies-advertising.jpg"")",1000,511,328,168,672,343, ,https://web.archive.org/web/20220401025236im_/https://editorial.fxstreet.com/landingpages/About/cryptocurrencies-advertising.jpg,360,https://www.fxstreet.com/info/advertising-and-sponsorship
"=IMAGE(""https://web.archive.org/web/20220401025236im_/https://editorial.fxstreet.com/landingpages/About/email-advertising.jpg"")",299,280,299,280,0,0, ,https://web.archive.org/web/20220401025236im_/https://editorial.fxstreet.com/landingpages/About/email-advertising.jpg,360,https://www.fxstreet.com/info/advertising-and-sponsorship
"=IMAGE(""https://web.archive.org/web/20220401025236im_/https://editorial.fxstreet.com/landingpages/About/facebook-twitter.png"")",1072,540,296,149,776,391, ,https://web.archive.org/web/20220401025236im_/https://editorial.fxstreet.com/landingpages/About/facebook-twitter.png,360,https://www.fxstreet.com/info/advertising-and-sponsorship
"=IMAGE(""https://web.archive.org/web/20220401025236im_/https://editorial.fxstreet.com/landingpages/About/languages-advertising-1.jpg"")",650,295,328,149,322,146, ,https://web.archive.org/web/20220401025236im_/https://editorial.fxstreet.com/landingpages/About/languages-advertising-1.jpg,360,https://www.fxstreet.com/info/advertising-and-sponsorship
"=IMAGE(""https://web.archive.org/web/20220401025236im_/https://editorial.fxstreet.com/landingpages/About/retargeting.png"")",708,732,164,170,544,562, ,https://web.archive.org/web/20220401025236im_/https://editorial.fxstreet.com/landingpages/About/retargeting.png,360,https://www.fxstreet.com/info/advertising-and-sponsorship
"=IMAGE(""https://web.archive.org/web/20220401025236im_/https://editorial.fxstreet.com/landingpages/About/logo-tradingview.jpg"")",317,161,300,152,17,9, ,https://web.archive.org/web/20220401025236im_/https://editorial.fxstreet.com/landingpages/About/logo-tradingview.jpg,360,https://www.fxstreet.com/info/advertising-and-sponsorship
"=IMAGE(""https://web.archive.org/web/20220401025236im_/https://editorial.fxstreet.com/landingpages/About/mediakit-tradingview.jpg"")",1070,368,328,113,742,255, ,https://web.archive.org/web/20220401025236im_/https://editorial.fxstreet.com/landingpages/About/mediakit-tradingview.jpg,360,https://www.fxstreet.com/info/advertising-and-sponsorship
"=IMAGE(""https://web.archive.org/web/20220401025236im_/https://editorial.fxstreet.com/landingpages/About/tradingview-1.jpg"")",504,326,328,212,176,114, ,https://web.archive.org/web/20220401025236im_/https://editorial.fxstreet.com/landingpages/About/tradingview-1.jpg,360,https://www.fxstreet.com/info/advertising-and-sponsorship
"=IMAGE(""
https://editorial.fxstreet.com/landingpages/About/fxs_logo_social_blueback_screen.png"")",800,746,328,306,472,440, ,"
https://editorial.fxstreet.com/landingpages/About/fxs_logo_social_blueback_screen.png",360,https://www.fxstreet.com/info/corporate-identity
"=IMAGE(""https://editorial.fxstreet.com/landingpages/About/fxs_logo_whiteback_screen.png"")",1500,524,328,115,1172,409, ,https://editorial.fxstreet.com/landingpages/About/fxs_logo_whiteback_screen.png,360,https://www.fxstreet.com/info/corporate-identity
"=IMAGE(""
https://editorial.fxstreet.com/landingpages/About/fxs_logo_social_whiteeback.png"")",870,756,328,285,542,471, ,"
https://editorial.fxstreet.com/landingpages/About/fxs_logo_social_whiteeback.png",360,https://www.fxstreet.com/info/corporate-identity
"=IMAGE(""https://editorial.fxstreet.com/landingpages/About/fxs_logo_transparent.png"")",1500,524,328,115,1172,409, ,https://editorial.fxstreet.com/landingpages/About/fxs_logo_transparent.png,360,https://www.fxstreet.com/info/corporate-identity
"=IMAGE(""https://editorial.fxstreet.com/landingpages/About/fxs_logo_blueback_screen.png"")",1500,524,328,115,1172,409, ,https://editorial.fxstreet.com/landingpages/About/fxs_logo_blueback_screen.png,360,https://www.fxstreet.com/info/corporate-identity
"=IMAGE(""https://editorial.fxstreet.com/images/Markets/Currencies/Majors/EURUSD/euro-or-dollar-3353142_XtraSmall.jpg"")",125,83,95,63,30,20, ,https://editorial.fxstreet.com/images/Markets/Currencies/Majors/EURUSD/euro-or-dollar-3353142_XtraSmall.jpg,360,https://www.fxstreet.com/rates-charts/forecast
"=IMAGE(""https://editorial.fxstreet.com/images/Markets/Currencies/Majors/USDJPY/close-up-bank-note-of-japanese-5000-yen-44653096_XtraSmall.jpg"")",125,83,95,63,30,20, ,https://editorial.fxstreet.com/images/Markets/Currencies/Majors/USDJPY/close-up-bank-note-of-japanese-5000-yen-44653096_XtraSmall.jpg,360,https://www.fxstreet.com/rates-charts/forecast
"=IMAGE(""https://editorial.fxstreet.com/images/Markets/Currencies/Majors/GBPUSD/iStock-1178148633_XtraSmall.jpg"")",125,83,95,63,30,20, ,https://editorial.fxstreet.com/images/Markets/Currencies/Majors/GBPUSD/iStock-1178148633_XtraSmall.jpg,360,https://www.fxstreet.com/rates-charts/forecast
"=IMAGE(""https://editorial.fxstreet.com/images/Markets/Currencies/Digital%20Currencies/Bitcoin/bitcoins-37949586_XtraSmall.jpg"")",125,83,95,63,30,20, ,https://editorial.fxstreet.com/images/Markets/Currencies/Digital%20Currencies/Bitcoin/bitcoins-37949586_XtraSmall.jpg,360,https://www.fxstreet.com/rates-charts/forecast
"=IMAGE(""https://editorial.fxstreet.com/images/Markets/Currencies/Majors/AUDUSD/australian-money-15191644_XtraSmall.jpg"")",125,97,95,74,30,23, ,https://editorial.fxstreet.com/images/Markets/Currencies/Majors/AUDUSD/australian-money-15191644_XtraSmall.jpg,360,https://www.fxstreet.com/rates-charts/forecast
"=IMAGE(""https://editorial.fxstreet.com/images/Markets/Commodities/Metals/Gold/safe-investment-gm147311616-17537479_XtraSmall.jpg"")",125,94,95,71,30,23, ,https://editorial.fxstreet.com/images/Markets/Commodities/Metals/Gold/safe-investment-gm147311616-17537479_XtraSmall.jpg,360,https://www.fxstreet.com/rates-charts/forecast
"=IMAGE(""https://editorial.fxstreet.com/images/Markets/Currencies/Majors/EURUSD/MoneyEURUSD_2_XtraSmall.jpg"")",125,83,92,61,33,22, ,https://editorial.fxstreet.com/images/Markets/Currencies/Majors/EURUSD/MoneyEURUSD_2_XtraSmall.jpg,360,https://www.fxstreet.com/rates-charts/usdchf
"=IMAGE(""https://editorial.fxstreet.com/images/Markets/Currencies/Cryptocurrencies/keyboard-637516572906741132_XtraSmall.jpg"")",125,83,92,61,33,22, ,https://editorial.fxstreet.com/images/Markets/Currencies/Cryptocurrencies/keyboard-637516572906741132_XtraSmall.jpg,360,https://www.fxstreet.com/rates-charts/usdchf
"=IMAGE(""https://editorial.fxstreet.com/images/Markets/Commodities/Metals/Gold/gold-on-weight-scale-gm165418687-21879510_XtraSmall.jpg"")",125,83,92,61,33,22, ,https://editorial.fxstreet.com/images/Markets/Commodities/Metals/Gold/gold-on-weight-scale-gm165418687-21879510_XtraSmall.jpg,360,https://www.fxstreet.com/rates-charts/usdchf
"=IMAGE(""https://editorial.fxstreet.com/images/Markets/Currencies/Majors/USDJPY/japanese-yen3_Nano.jpg"")",75,50,75,50,0,0, ,https://editorial.fxstreet.com/images/Markets/Currencies/Majors/USDJPY/japanese-yen3_Nano.jpg,360,https://www.fxstreet.com/rates-charts/usdchf
"=IMAGE(""https://editorial.fxstreet.com/images/Macroeconomics/EconomicIndicator/EconomicHealth/Manufacturing/production-line-workers-gm519937869-50154370_Nano.jpg"")",70,47,74,50,-4,-3, ,https://editorial.fxstreet.com/images/Macroeconomics/EconomicIndicator/EconomicHealth/Manufacturing/production-line-workers-gm519937869-50154370_Nano.jpg,360,https://www.fxstreet.com/rates-charts/usdchf
"=IMAGE(""https://editorial.fxstreet.com/images/Markets/Currencies/Cryptocurrencies/AxieInfinity/AxieInfinity_Nano.jpg"")",75,75,50,50,25,25, ,https://editorial.fxstreet.com/images/Markets/Currencies/Cryptocurrencies/AxieInfinity/AxieInfinity_Nano.jpg,360,https://www.fxstreet.com/rates-charts/usdchf
"=IMAGE(""https://editorial.fxstreet.com/images/Markets/Currencies/Cryptocurrencies/Crypto.com/cryptocom-150x150logo-637399977312067518_Nano.png"")",75,75,50,50,25,25, ,https://editorial.fxstreet.com/images/Markets/Currencies/Cryptocurrencies/Crypto.com/cryptocom-150x150logo-637399977312067518_Nano.png,360,https://www.fxstreet.com/rates-charts/usdchf
"=IMAGE(""https://editorial.fxstreet.com/images/Markets/Currencies/Cryptocurrencies/cryptos_Nano.jpg"")",75,50,75,50,0,0, ,https://editorial.fxstreet.com/images/Markets/Currencies/Cryptocurrencies/cryptos_Nano.jpg,360,https://www.fxstreet.com/rates-charts/usdchf
"=IMAGE(""https://editorial.fxstreet.com/authors/Slobodan%20Drvenica_75x75_XtraSmall.png"")",75,75,50,50,25,25, ,https://editorial.fxstreet.com/authors/Slobodan%20Drvenica_75x75_XtraSmall.png,360,https://www.fxstreet.com/rates-charts/usdchf
"=IMAGE(""https://editorial.fxstreet.com/authors/Bert%20Colijn%2075_XtraSmall.png"")",75,75,50,50,25,25, ,https://editorial.fxstreet.com/authors/Bert%20Colijn%2075_XtraSmall.png,360,https://www.fxstreet.com/rates-charts/usdchf
"=IMAGE(""https://editorial.fxstreet.com/authors/Slobodan%20Drvenica_75x75_XtraSmall.png"")",75,75,50,50,25,25, ,https://editorial.fxstreet.com/authors/Slobodan%20Drvenica_75x75_XtraSmall.png,360,https://www.fxstreet.com/rates-charts/usdchf
"=IMAGE(""https://editorial.fxstreet.com/images/Markets/Currencies/Majors/GBPUSD/iStock-689067954_XtraSmall.jpg"")",125,83,92,61,33,22, ,https://editorial.fxstreet.com/images/Markets/Currencies/Majors/GBPUSD/iStock-689067954_XtraSmall.jpg,360,https://www.fxstreet.com/rates-charts/usdchf
"=IMAGE(""https://editorial.fxstreet.com/images/Markets/Currencies/Majors/NZDUSD/new-zealand-dollar-closeup-28405768_Nano.jpg"")",75,49,77,50,-2,-1, ,https://editorial.fxstreet.com/images/Markets/Currencies/Majors/NZDUSD/new-zealand-dollar-closeup-28405768_Nano.jpg,360,https://www.fxstreet.com/rates-charts/usdchf
"=IMAGE(""https://editorial.fxstreet.com/images/Resources/Always_On_Editors_Pick_(320x213)_XtraSmall.png"")",125,83,92,61,33,22, ,https://editorial.fxstreet.com/images/Resources/Always_On_Editors_Pick_(320x213)_XtraSmall.png,360,https://www.fxstreet.com/rates-charts/usdchf
